Aleksey, 1854016986, /help
Aleksey, 1854016986, /time
Aleksey, 1854016986, /hi
Aleksey, 1854016986, /sum 123 321
Aleksey, 1854016986, /help
Aleksey, 1854016986, /hi
Aleksey, 1854016986, /hi
Aleksey, 1854016986, /hi
Aleksey, 1854016986, /hi
Aleksey, 1854016986, /hi
Aleksey, 1854016986, /hi
Aleksey, 1854016986, /hi
Aleksey, 1854016986, /hi
Aleksey, 1854016986, /hi
Aleksey, 1854016986, /hi
Aleksey, 1854016986, /hi
Aleksey, 1854016986, /hi
Aleksey, 1854016986, /hi
Aleksey, 1854016986, /hi
Aleksey, 1854016986, /hi
Aleksey, 1854016986, /hi
Aleksey, 1854016986, /hi
Aleksey, 1854016986, /hi
Aleksey, 1854016986, /hi
Aleksey, 1854016986, /hi
Aleksey, 1854016986, /hi
Aleksey, 1854016986, /hi
Aleksey, 1854016986, /hi
Aleksey, 1854016986, /hi
Aleksey, 1854016986, /hi
Aleksey, 1854016986, /sum 2+2
Aleksey, 1854016986, /hi
Aleksey, 1854016986, /sum 2 2
Aleksey, 1854016986, /hi
Aleksey, 1854016986, /sum Petrov
Aleksey, 1854016986, /hi
Aleksey, 1854016986, /sum Petrov
Aleksey, 1854016986, /sum
Aleksey, 1854016986, /sum
Aleksey, 1854016986, /hi
Aleksey, 1854016986, /hi
Aleksey, 1854016986, /hi
Aleksey, 1854016986, /sum Petrov
Aleksey, 1854016986, /help
Aleksey, 1854016986, /start
Aleksey, 1854016986, /sum Petrov
Aleksey, 1854016986, /start
Aleksey, 1854016986, /sum Petrov
Aleksey, 1854016986, /help
Aleksey, 1854016986, /start
Aleksey, 1854016986, /start
Aleksey, 1854016986, /FIO petrov
Aleksey, 1854016986, /FIO petrov
Aleksey, 1854016986, /FIO Petrov
Aleksey, 1854016986, /FIO Petrov
Aleksey, 1854016986, /FIO Ivanov
Aleksey, 1854016986, /FIO Ivanov
Aleksey, 1854016986, /start
Aleksey, 1854016986, /FIO Petr
Aleksey, 1854016986, /FIO Petr
